Fabricante;Modelo ;Precio_Promedio;RAM_GB;Almacenamiento_GB;Tipo_Almacenamiento;Nucleos_CPU;Frecuencia_GHz;Tamanio_Pantalla_Pulg;Peso (kg);ID_Interno;COD_Modelo;Constante 
Huawei;M0894;1.47;32.0;1024.0;SSD;4.0;2.72;16.0;1.89;ID20000;CM45000;X
Dell;M0537;0.72;16.0;512.0;SSD;2.0;2.59;15.6;2.17;ID20001;CM45001;X
Apple;M1791;1.42;8.0;512.0;SSD;6.0;2.69;14.0;1.32;ID20002;CM45002;X
Apple;M1675;1.71;8.0;512.0;SSD;6.0;2.46;14.0;1.32;ID20003;CM45003;X
Huawei;M0842;0.69;24.0;1024.0;SSD;2.0;2.58;16.0;1.7;ID20004;CM45004;X
Lenovo;M0135;0.77;16.0;1024.0;SSD;4.0;2.54;15.6;1.87;ID20005;CM45005;X
HP;M0330;0.91;16.0;256.0;HDD;6.0;2.63;14.0;1.72;ID20006;CM45006;X
MSI;M1197;0.37;12.0;256.0;SSD;4.0;;14.0;1.93;ID20007;CM45007;X
Asus;M1214;0.36;8.0;1024.0;SSD;8.0;3.13;16.0;1.48;ID20008;CM45008;X
HP;M1667;1.3;16.0;512.0;SSD;4.0;3.06;14.0;1.09;ID20009;CM45009;X
Dell;M1254;0.58;12.0;1024.0;SSD;8.0;2.67;14.0;1.32;ID20010;CM45010;X
HP;M1114;0.98;24.0;512.0;SSD;4.0;3.18;14.0;1.85;ID20011;CM45011;X
Lenovo;M1910;1.11;16.0;256.0;SSD;2.0;2.72;17.0;1.45;ID20012;CM45012;X
Lenovo;M1317;0.73;16.0;1024.0;SSD;6.0;1.92;15.6;1.48;ID20013;CM45013;X
Huawei;M0100;0.87;24.0;256.0;HDD;4.0;;14.0;1.78;ID20014;CM45014;X
Dell;M1311;0.83;8.0;512.0;HDD;4.0;2.33;16.0;1.85;ID20015;CM45015;X
Lenovo;M0632;0.78;16.0;2048.0;SSD;6.0;3.12;16.0;2.35;ID20016;CM45016;X
Acer;M1092;0.68;8.0;1024.0;SSD;12.0;2.48;14.0;2.01;ID20017;CM45017;X
HP;M1823;1.04;12.0;1024.0;SSD;6.0;2.76;16.0;1.55;ID20018;CM45018;X
HP;M0016;1.15;16.0;512.0;HDD;8.0;2.86;15.6;1.96;ID20019;CM45019;X
HP;M0639;1.14;8.0;1024.0;SSD;8.0;2.86;15.6;0.91;ID20020;CM45020;X
Acer;M1970;0.67;12.0;256.0;SSD;6.0;2.98;15.6;2.47;ID20021;CM45021;X
Acer;M0873;0.54;8.0;2048.0;SSD;4.0;2.74;14.0;1.75;ID20022;CM45022;X
MSI;M1987;0.62;12.0;2048.0;HDD;4.0;2.62;13.3;1.62;ID20023;CM45023;X
Lenovo;M1157;1.03;32.0;256.0;HDD;6.0;3.15;15.6;1.34;ID20024;CM45024;X
Acer;M1799;0.86;16.0;256.0;SSD;6.0;3.31;16.0;1.88;ID20025;CM45025;X
HP;M0717;0.75;16.0;1024.0;SSD;10.0;2.48;17.0;1.89;ID20026;CM45026;X
Dell;M1202;0.93;12.0;512.0;SSD;8.0;2.37;15.6;1.81;ID20027;CM45027;X
Huawei;M0331;1.13;12.0;512.0;HDD;4.0;2.14;14.0;1.62;ID20028;CM45028;X
MSI;M1074;0.96;16.0;512.0;HDD;4.0;;14.0;2.32;ID20029;CM45029;X
Apple;M0110;0.71;16.0;512.0;HDD;6.0;2.94;15.6;1.3;ID20030;CM45030;X
Apple;M0094;0.75;24.0;1024.0;HDD;6.0;2.58;16.0;2.06;ID20031;CM45031;X
HP;M1544;0.99;24.0;256.0;SSD;4.0;2.55;13.3;1.93;ID20032;CM45032;X
Acer;M0058;1.41;12.0;512.0;;4.0;;13.3;1.44;ID20033;CM45033;X
Apple;M0163;0.99;16.0;256.0;SSD;8.0;2.45;13.3;1.52;ID20034;CM45034;X
Apple;M0491;0.54;32.0;256.0;SSD;6.0;3.78;16.0;1.66;ID20035;CM45035;X
Acer;M0576;0.35;24.0;256.0;SSD;12.0;;16.0;1.91;ID20036;CM45036;X
Apple;M0510;0.72;24.0;1024.0;SSD;4.0;2.86;16.0;2.06;ID20037;CM45037;X
Apple;M0828;1.23;24.0;256.0;SSD;4.0;2.68;14.0;2.03;ID20038;CM45038;X
Dell;M1871;0.35;8.0;2048.0;SSD;6.0;2.41;13.3;1.62;ID20039;CM45039;X
Dell;M1541;1.35;24.0;512.0;SSD;8.0;2.15;14.0;2.38;ID20040;CM45040;X
HP;M1015;1.01;24.0;1024.0;SSD;6.0;2.42;15.6;2.1;ID20041;CM45041;X
Apple;M1306;1.27;8.0;1024.0;SSD;8.0;2.39;13.3;1.68;ID20042;CM45042;X
Acer;M0433;0.71;16.0;512.0;SSD;8.0;;14.0;1.64;ID20043;CM45043;X
Acer;M1964;0.81;12.0;256.0;SSD;6.0;2.44;15.6;2.19;ID20044;CM45044;X
Dell;M0216;0.95;12.0;512.0;SSD;6.0;2.69;14.0;1.66;ID20045;CM45045;X
HP;M1256;0.48;16.0;256.0;SSD;8.0;2.89;15.6;1.52;ID20046;CM45046;X
Huawei;M0382;1.31;24.0;512.0;SSD;4.0;2.54;14.0;1.98;ID20047;CM45047;X
Acer;M1658;0.77;16.0;256.0;;6.0;2.78;14.0;2.2;ID20048;CM45048;X
Huawei;M0721;1.45;8.0;512.0;SSD;8.0;2.36;14.0;2.13;ID20049;CM45049;X
HP;M1274;1.49;16.0;256.0;SSD;6.0;;15.6;1.65;ID20050;CM45050;X
MSI;M0029;0.51;16.0;1024.0;SSD;8.0;2.27;14.0;1.81;ID20051;CM45051;X
HP;M0259;0.78;8.0;256.0;;2.0;2.08;15.6;2.06;ID20052;CM45052;X
HP;M0598;0.77;16.0;256.0;HDD;8.0;;14.0;1.72;ID20053;CM45053;X
Asus;M0815;1.0;32.0;512.0;SSD;12.0;2.7;15.6;2.07;ID20054;CM45054;X
Asus;M0037;0.57;12.0;512.0;;6.0;2.34;14.0;1.45;ID20055;CM45055;X
Huawei;M1421;0.65;32.0;512.0;SSD;6.0;3.76;16.0;1.77;ID20056;CM45056;X
Huawei;M1094;0.85;32.0;256.0;SSD;6.0;2.73;15.6;1.53;ID20057;CM45057;X
MSI;M1131;0.5;8.0;256.0;SSD;8.0;2.48;13.3;2.09;ID20058;CM45058;X
Asus;M2000;0.78;24.0;512.0;HDD;10.0;1.9;16.0;2.24;ID20059;CM45059;X
Dell;M1967;1.31;12.0;512.0;HDD;4.0;2.92;13.3;1.89;ID20060;CM45060;X
Lenovo;M1186;0.75;16.0;1024.0;SSD;8.0;3.35;15.6;2.56;ID20061;CM45061;X
Dell;M0400;0.53;12.0;256.0;SSD;4.0;3.05;15.6;1.98;ID20062;CM45062;X
HP;M0326;1.52;12.0;512.0;HDD;8.0;2.63;15.6;2.34;ID20063;CM45063;X
Acer;M0781;0.86;16.0;256.0;SSD;6.0;2.99;16.0;1.48;ID20064;CM45064;X
Acer;M0923;0.93;24.0;1024.0;SSD;4.0;1.71;15.6;1.7;ID20065;CM45065;X
Lenovo;M1768;1.11;16.0;512.0;HDD;8.0;2.92;15.6;1.45;ID20066;CM45066;X
Dell;M0713;0.94;8.0;512.0;SSD;10.0;2.77;16.0;1.64;ID20067;CM45067;X
Apple;M0604;0.46;12.0;1024.0;SSD;10.0;3.02;13.3;1.84;ID20068;CM45068;X
Asus;M1563;0.42;16.0;1024.0;SSD;6.0;3.25;14.0;1.92;ID20069;CM45069;X
Lenovo;M1567;1.13;16.0;256.0;SSD;4.0;3.57;14.0;1.93;ID20070;CM45070;X
Lenovo;M1836;1.61;16.0;1024.0;HDD;6.0;3.63;14.0;1.65;ID20071;CM45071;X
Lenovo;M1329;0.43;16.0;512.0;HDD;10.0;2.32;13.3;1.43;ID20072;CM45072;X
Apple;M1237;1.6;16.0;1024.0;SSD;4.0;2.91;14.0;1.14;ID20073;CM45073;X
Huawei;M0435;0.73;16.0;512.0;HDD;4.0;3.19;15.6;1.94;ID20074;CM45074;X
Dell;M0577;1.33;24.0;512.0;SSD;4.0;1.96;13.3;1.5;ID20075;CM45075;X
Huawei;M1553;0.75;8.0;512.0;HDD;6.0;3.03;16.0;1.93;ID20076;CM45076;X
Apple;M1840;0.84;16.0;256.0;SSD;4.0;3.13;15.6;2.2;ID20077;CM45077;X
Lenovo;M0596;0.46;12.0;256.0;SSD;4.0;2.33;16.0;1.35;ID20078;CM45078;X
Asus;M0844;0.71;8.0;1024.0;SSD;6.0;2.82;13.3;1.65;ID20079;CM45079;X
Acer;M0754;1.25;16.0;512.0;;4.0;2.91;13.3;2.39;ID20080;CM45080;X
Acer;M1899;1.22;32.0;512.0;SSD;6.0;2.41;14.0;2.42;ID20081;CM45081;X
Asus;M1575;0.84;24.0;256.0;SSD;8.0;;13.3;1.42;ID20082;CM45082;X
Huawei;M0949;0.67;16.0;1024.0;HDD;10.0;2.97;15.6;2.04;ID20083;CM45083;X
HP;M1473;0.47;8.0;256.0;SSD;6.0;;14.0;1.28;ID20084;CM45084;X
Huawei;M0775;1.15;24.0;512.0;;6.0;2.58;13.3;2.19;ID20085;CM45085;X
HP;M0670;1.11;32.0;256.0;SSD;12.0;2.8;14.0;1.53;ID20086;CM45086;X
Apple;M0814;1.14;16.0;1024.0;SSD;4.0;2.16;16.0;1.96;ID20087;CM45087;X
HP;M1140;0.82;16.0;256.0;SSD;4.0;2.03;14.0;1.85;ID20088;CM45088;X
HP;M0904;1.43;16.0;512.0;HDD;8.0;2.56;15.6;1.76;ID20089;CM45089;X
Lenovo;M1023;0.56;12.0;256.0;SSD;10.0;3.43;16.0;2.0;ID20090;CM45090;X
Asus;M0012;0.58;24.0;512.0;SSD;6.0;2.78;16.0;1.91;ID20091;CM45091;X
Dell;M1689;0.35;16.0;512.0;SSD;8.0;2.49;15.6;1.56;ID20092;CM45092;X
Dell;M1057;0.91;12.0;256.0;SSD;6.0;2.09;15.6;1.64;ID20093;CM45093;X
Huawei;M0588;0.97;16.0;512.0;HDD;6.0;2.33;13.3;2.2;ID20094;CM45094;X
HP;M1433;0.75;8.0;512.0;HDD;8.0;2.8;15.6;0.9;ID20095;CM45095;X
Apple;M0553;0.93;32.0;256.0;SSD;12.0;3.55;15.6;1.76;ID20096;CM45096;X
Acer;M0767;1.52;12.0;256.0;SSD;4.0;2.14;14.0;1.87;ID20097;CM45097;X
Lenovo;M0021;1.5;16.0;256.0;SSD;6.0;3.45;15.6;1.78;ID20098;CM45098;X
HP;M1004;1.18;32.0;512.0;SSD;4.0;3.59;15.6;1.45;ID20099;CM45099;X
Lenovo;M0034;0.35;12.0;1024.0;HDD;4.0;3.46;14.0;2.4;ID20100;CM45100;X
HP;M1723;0.79;16.0;256.0;;4.0;3.48;15.6;1.59;ID20101;CM45101;X
MSI;M0817;0.73;32.0;1024.0;SSD;6.0;2.93;16.0;2.09;ID20102;CM45102;X
Apple;M1044;1.01;12.0;2048.0;SSD;4.0;2.59;15.6;1.78;ID20103;CM45103;X
Acer;M0712;1.03;16.0;256.0;;4.0;3.34;15.6;1.97;ID20104;CM45104;X
HP;M1991;0.86;32.0;512.0;SSD;6.0;2.62;16.0;1.62;ID20105;CM45105;X
Asus;M1299;0.73;16.0;2048.0;;4.0;2.06;14.0;2.14;ID20106;CM45106;X
Asus;M0333;0.35;16.0;1024.0;HDD;2.0;2.58;14.0;1.44;ID20107;CM45107;X
Acer;M0812;0.75;12.0;512.0;SSD;6.0;2.9;15.6;2.03;ID20108;CM45108;X
Lenovo;M0833;1.14;12.0;256.0;SSD;10.0;3.51;17.0;1.95;ID20109;CM45109;X
HP;M0729;0.91;24.0;1024.0;SSD;2.0;2.42;14.0;1.84;ID20110;CM45110;X
Dell;M1900;1.41;8.0;256.0;SSD;8.0;3.56;15.6;1.52;ID20111;CM45111;X
Asus;M0125;0.87;12.0;512.0;SSD;4.0;1.87;17.0;1.54;ID20112;CM45112;X
Acer;M1645;0.7;16.0;256.0;SSD;6.0;3.15;17.0;0.9;ID20113;CM45113;X
Dell;M1556;0.7;8.0;512.0;SSD;4.0;1.42;14.0;1.84;ID20114;CM45114;X
Apple;M1390;0.4;16.0;512.0;SSD;12.0;2.9;15.6;2.04;ID20115;CM45115;X
Dell;M0157;1.15;8.0;512.0;HDD;4.0;2.81;15.6;1.63;ID20116;CM45116;X
Acer;M1500;0.43;8.0;512.0;SSD;4.0;2.18;15.6;1.94;ID20117;CM45117;X
Asus;M0230;1.58;12.0;1024.0;HDD;8.0;2.8;15.6;1.2;ID20118;CM45118;X
HP;M0850;0.66;12.0;512.0;SSD;8.0;2.68;13.3;1.59;ID20119;CM45119;X
Acer;M1458;0.74;32.0;256.0;HDD;8.0;2.11;15.6;1.52;ID20120;CM45120;X
Lenovo;M0245;0.74;24.0;1024.0;SSD;4.0;2.48;14.0;1.01;ID20121;CM45121;X
HP;M1996;1.12;16.0;512.0;SSD;4.0;3.12;14.0;1.69;ID20122;CM45122;X
Asus;M0772;1.29;16.0;256.0;SSD;8.0;3.39;15.6;1.35;ID20123;CM45123;X
Huawei;M1914;1.2;8.0;512.0;SSD;6.0;;14.0;1.21;ID20124;CM45124;X
Dell;M0937;1.61;12.0;512.0;SSD;6.0;2.48;15.6;2.23;ID20125;CM45125;X
Acer;M0643;0.63;16.0;2048.0;SSD;4.0;3.09;16.0;0.9;ID20126;CM45126;X
Acer;M1644;1.31;32.0;512.0;HDD;4.0;2.86;14.0;1.54;ID20127;CM45127;X
Dell;M1751;1.42;8.0;256.0;SSD;4.0;2.41;15.6;1.66;ID20128;CM45128;X
Acer;M1448;0.78;16.0;1024.0;SSD;4.0;3.06;15.6;2.15;ID20129;CM45129;X
Acer;M0203;1.1;12.0;512.0;SSD;4.0;3.16;15.6;1.76;ID20130;CM45130;X
HP;M1974;1.23;8.0;1024.0;SSD;4.0;3.18;14.0;1.76;ID20131;CM45131;X
Lenovo;M1310;0.35;24.0;512.0;SSD;10.0;2.27;13.3;1.91;ID20132;CM45132;X
Dell;M0586;0.89;8.0;1024.0;SSD;6.0;2.99;13.3;1.47;ID20133;CM45133;X
HP;M0738;0.98;8.0;512.0;HDD;8.0;3.33;15.6;1.41;ID20134;CM45134;X
Acer;M1978;0.72;16.0;512.0;SSD;8.0;2.69;14.0;1.83;ID20135;CM45135;X
HP;M0748;0.45;12.0;256.0;SSD;4.0;2.81;13.3;1.44;ID20136;CM45136;X
Huawei;M0909;0.56;12.0;512.0;SSD;4.0;3.24;13.3;1.74;ID20137;CM45137;X
;;1.08;;;SSD;6.0;2.58;;1.53;ID20138;;
Acer;M1994;1.01;16.0;512.0;SSD;8.0;2.91;14.0;1.24;ID20139;CM45139;X
Dell;M0700;1.13;12.0;512.0;SSD;4.0;2.67;14.0;1.93;ID20140;CM45140;X
Lenovo;M1753;0.87;8.0;512.0;SSD;8.0;2.95;15.6;2.77;ID20141;CM45141;X
MSI;M1043;0.87;8.0;1024.0;HDD;4.0;1.94;13.3;1.35;ID20142;CM45142;X
Dell;M0264;0.93;32.0;512.0;;4.0;2.81;16.0;3.75;ID20143;CM45143;X
Dell;M1655;1.3;16.0;256.0;SSD;4.0;2.54;14.0;1.72;ID20144;CM45144;X
Lenovo;M0966;0.98;16.0;512.0;SSD;6.0;2.69;17.0;1.57;ID20145;CM45145;X
Acer;M1127;1.43;16.0;512.0;HDD;4.0;;14.0;1.66;ID20146;CM45146;X
Huawei;M0515;0.35;12.0;1024.0;HDD;2.0;2.44;13.3;2.31;ID20147;CM45147;X
Huawei;M0059;0.85;12.0;1024.0;SSD;2.0;2.6;16.0;2.23;ID20148;CM45148;X
HP;M0332;1.93;8.0;512.0;SSD;6.0;;16.0;1.74;ID20149;CM45149;X
Asus;M0796;0.67;16.0;1024.0;HDD;6.0;2.5;15.6;1.54;ID20150;CM45150;X
Apple;M0099;0.39;8.0;512.0;HDD;4.0;3.23;14.0;1.32;ID20151;CM45151;X
Acer;M1719;0.66;16.0;512.0;SSD;2.0;2.73;13.3;1.21;ID20152;CM45152;X
Asus;M0941;0.73;8.0;256.0;SSD;4.0;2.98;15.6;1.54;ID20153;CM45153;X
Lenovo;M0898;1.01;24.0;512.0;HDD;4.0;2.31;16.0;1.91;ID20154;CM45154;X
HP;M1673;1.13;24.0;1024.0;SSD;8.0;2.42;14.0;1.62;ID20155;CM45155;X
Asus;M0509;0.39;32.0;512.0;SSD;4.0;2.65;16.0;1.93;ID20156;CM45156;X
Dell;M0186;0.64;12.0;1024.0;SSD;6.0;2.58;17.0;2.18;ID20157;CM45157;X
Asus;M1292;1.32;12.0;2048.0;SSD;12.0;3.3;15.6;0.9;ID20158;CM45158;X
Dell;M0089;0.77;8.0;256.0;HDD;6.0;2.83;13.3;1.8;ID20159;CM45159;X
HP;M1730;0.35;12.0;512.0;SSD;12.0;3.41;16.0;1.65;ID20160;CM45160;X
Asus;M0120;1.23;8.0;512.0;SSD;6.0;2.7;14.0;1.89;ID20161;CM45161;X
HP;M1359;0.63;16.0;512.0;HDD;8.0;3.35;13.3;1.4;ID20162;CM45162;X
Lenovo;M0081;1.15;8.0;512.0;SSD;6.0;2.36;14.0;1.58;ID20163;CM45163;X
HP;M0063;1.08;32.0;1024.0;SSD;4.0;2.12;16.0;1.54;ID20164;CM45164;X
Huawei;M1437;0.7;16.0;512.0;SSD;6.0;;15.6;1.45;ID20165;CM45165;X
Acer;M1887;0.61;32.0;2048.0;SSD;4.0;2.86;15.6;1.11;ID20166;CM45166;X
MSI;M0411;0.59;16.0;512.0;SSD;6.0;3.55;15.6;1.94;ID20167;CM45167;X
HP;M1677;0.85;32.0;1024.0;HDD;8.0;3.24;15.6;1.89;ID20168;CM45168;X
Dell;M0397;0.35;12.0;512.0;SSD;4.0;3.78;14.0;1.19;ID20169;CM45169;X
HP;M0582;0.71;16.0;1024.0;;4.0;;13.3;1.83;ID20170;CM45170;X
Apple;M1983;0.76;16.0;512.0;SSD;6.0;2.49;15.6;2.61;ID20171;CM45171;X
HP;M1781;0.94;12.0;2048.0;SSD;6.0;2.18;13.3;2.27;ID20172;CM45172;X
Lenovo;M1680;0.93;16.0;1024.0;HDD;6.0;2.77;14.0;1.86;ID20173;CM45173;X
Asus;M0424;0.76;16.0;1024.0;SSD;4.0;2.78;14.0;1.54;ID20174;CM45174;X
Dell;M1654;1.24;8.0;512.0;;4.0;2.04;13.3;2.06;ID20175;CM45175;X
HP;M0790;1.38;12.0;512.0;;4.0;;15.6;1.37;ID20176;CM45176;X
Dell;M1870;0.97;16.0;256.0;SSD;4.0;3.4;16.0;1.85;ID20177;CM45177;X
Dell;M0546;0.98;16.0;256.0;SSD;8.0;2.01;13.3;1.58;ID20178;CM45178;X
HP;M0398;0.63;32.0;512.0;SSD;4.0;2.52;15.6;1.61;ID20179;CM45179;X
Apple;M1942;1.07;16.0;256.0;;6.0;2.76;15.6;2.03;ID20180;CM45180;X
Acer;M1462;1.01;8.0;256.0;SSD;6.0;2.63;13.3;1.63;ID20181;CM45181;X
Acer;M1883;1.63;24.0;512.0;HDD;4.0;2.56;15.6;1.35;ID20182;CM45182;X
Acer;M0557;0.74;16.0;256.0;SSD;6.0;2.7;14.0;1.69;ID20183;CM45183;X
Asus;M0297;0.95;8.0;256.0;SSD;4.0;2.87;14.0;1.55;ID20184;CM45184;X
Lenovo;M1032;0.82;24.0;512.0;SSD;4.0;2.66;14.0;1.81;ID20185;CM45185;X
Asus;M0487;0.6;16.0;1024.0;SSD;4.0;3.36;13.3;1.58;ID20186;CM45186;X
Huawei;M1531;0.97;8.0;1024.0;SSD;6.0;3.19;14.0;2.04;ID20187;CM45187;X
Acer;M1953;0.91;16.0;1024.0;;4.0;2.91;16.0;1.08;ID20188;CM45188;X
Huawei;M1708;1.72;16.0;256.0;SSD;6.0;3.94;16.0;2.53;ID20189;CM45189;X
HP;M1958;0.35;12.0;256.0;HDD;8.0;3.12;15.6;1.54;ID20190;CM45190;X
Lenovo;M0298;1.69;16.0;1024.0;SSD;6.0;2.16;15.6;0.92;ID20191;CM45191;X
Lenovo;M1741;0.79;8.0;512.0;SSD;8.0;2.62;13.3;1.61;ID20192;CM45192;X
Acer;M1125;0.9;8.0;256.0;SSD;4.0;;14.0;1.91;ID20193;CM45193;X
HP;M1606;0.49;8.0;512.0;HDD;8.0;2.78;15.6;1.7;ID20194;CM45194;X
HP;M0710;0.71;12.0;256.0;HDD;6.0;2.91;14.0;2.41;ID20195;CM45195;X
Apple;M1845;0.51;32.0;256.0;SSD;10.0;2.99;17.0;1.74;ID20196;CM45196;X
Lenovo;M1123;1.35;16.0;512.0;SSD;4.0;2.83;15.6;2.34;ID20197;CM45197;X
Lenovo;M0954;1.3;16.0;512.0;HDD;6.0;3.78;17.0;1.19;ID20198;CM45198;X
Lenovo;M0028;1.01;32.0;256.0;HDD;4.0;3.02;15.6;1.45;ID20199;CM45199;X
Dell;M1830;1.03;8.0;512.0;;6.0;2.42;17.0;0.9;ID20200;CM45200;X
HP;M0763;0.84;8.0;512.0;SSD;8.0;2.67;14.0;2.11;ID20201;CM45201;X
Asus;M0327;0.9;12.0;512.0;SSD;6.0;2.9;15.6;1.59;ID20202;CM45202;X
Lenovo;M0688;0.93;16.0;2048.0;HDD;8.0;3.13;17.0;1.83;ID20203;CM45203;X
Apple;M1634;1.51;8.0;1024.0;HDD;4.0;2.2;14.0;2.38;ID20204;CM45204;X
Huawei;M0180;1.01;16.0;1024.0;HDD;4.0;2.6;13.3;1.87;ID20205;CM45205;X
Acer;M1238;1.25;12.0;1024.0;;6.0;2.66;13.3;1.78;ID20206;CM45206;X
Acer;M1614;1.11;32.0;512.0;SSD;6.0;2.85;14.0;2.05;ID20207;CM45207;X
MSI;M1050;0.75;8.0;512.0;SSD;8.0;3.33;16.0;1.84;ID20208;CM45208;X
;M0962;;8.0;;;;2.9;;;ID20209;CM45209;X
Asus;M0048;0.73;8.0;512.0;SSD;10.0;2.45;13.3;1.46;ID20210;CM45210;X
MSI;M0788;0.52;24.0;256.0;HDD;6.0;3.28;16.0;1.97;ID20211;CM45211;X
Lenovo;M0354;1.0;16.0;256.0;SSD;10.0;2.53;17.0;1.11;ID20212;CM45212;X
Apple;M0080;1.07;16.0;256.0;SSD;4.0;3.57;14.0;1.94;ID20213;CM45213;X
Dell;M0082;0.88;24.0;256.0;;4.0;3.12;14.0;1.91;ID20214;CM45214;X
Lenovo;M1223;0.35;16.0;512.0;;4.0;2.67;14.0;2.1;ID20215;CM45215;X
Lenovo;M0042;1.61;8.0;1024.0;SSD;8.0;2.32;15.6;1.49;ID20216;CM45216;X
Huawei;M0342;0.48;24.0;256.0;SSD;8.0;2.96;14.0;1.92;ID20217;CM45217;X
Apple;M1550;0.43;16.0;512.0;SSD;8.0;2.77;13.3;1.35;ID20218;CM45218;X
Asus;M1168;0.62;12.0;512.0;SSD;6.0;2.74;15.6;1.75;ID20219;CM45219;X
Acer;M0395;0.62;32.0;512.0;HDD;6.0;3.45;13.3;1.62;ID20220;CM45220;X
HP;M1806;1.19;16.0;512.0;SSD;10.0;2.54;16.0;1.84;ID20221;CM45221;X
Dell;M1099;1.57;8.0;1024.0;SSD;10.0;;15.6;2.3;ID20222;CM45222;X
Lenovo;M1833;0.95;16.0;512.0;SSD;4.0;;17.0;1.22;ID20223;CM45223;X
Lenovo;M0571;0.88;24.0;256.0;SSD;6.0;2.21;15.6;1.59;ID20224;CM45224;X
Asus;M1073;1.34;24.0;1024.0;HDD;6.0;2.4;15.6;1.73;ID20225;CM45225;X
Dell;M0968;0.8;16.0;1024.0;SSD;6.0;2.19;14.0;2.32;ID20226;CM45226;X
MSI;M1477;1.03;8.0;512.0;SSD;10.0;2.1;14.0;1.14;ID20227;CM45227;X
HP;M0459;0.98;16.0;512.0;HDD;6.0;;13.3;1.76;ID20228;CM45228;X
Acer;M0935;0.49;16.0;512.0;SSD;2.0;2.29;16.0;1.29;ID20229;CM45229;X
Asus;M1590;0.73;12.0;256.0;;6.0;2.67;15.6;2.26;ID20230;CM45230;X
Dell;M0563;1.54;16.0;512.0;HDD;8.0;2.95;14.0;1.81;ID20231;CM45231;X
Dell;M1770;0.35;16.0;256.0;SSD;4.0;2.35;16.0;1.62;ID20232;CM45232;X
Huawei;M0097;1.13;32.0;512.0;HDD;4.0;4.01;16.0;2.41;ID20233;CM45233;X
Lenovo;M0155;1.35;16.0;512.0;SSD;8.0;;14.0;1.88;ID20234;CM45234;X
HP;M1453;1.2;16.0;1024.0;SSD;4.0;1.64;16.0;2.03;ID20235;CM45235;X
Asus;M0096;0.6;16.0;256.0;HDD;6.0;2.94;15.6;2.74;ID20236;CM45236;X
Asus;M0050;1.32;16.0;512.0;SSD;6.0;3.06;15.6;2.19;ID20237;CM45237;X
Asus;M1245;1.33;24.0;1024.0;;8.0;3.31;15.6;1.52;ID20238;CM45238;X
Dell;M1253;0.87;8.0;256.0;HDD;8.0;2.05;13.3;1.92;ID20239;CM45239;X
Lenovo;M0178;0.77;32.0;1024.0;HDD;4.0;2.54;14.0;1.42;ID20240;CM45240;X
Lenovo;M0919;1.15;8.0;1024.0;SSD;4.0;2.42;13.3;2.19;ID20241;CM45241;X
Lenovo;M1232;0.77;8.0;256.0;;6.0;2.89;14.0;2.08;ID20242;CM45242;X
Huawei;M1370;0.67;16.0;1024.0;HDD;10.0;2.94;13.3;0.96;ID20243;CM45243;X
Lenovo;M0474;1.16;12.0;1024.0;SSD;10.0;2.52;15.6;0.97;ID20244;CM45244;X
HP;M0811;1.07;16.0;512.0;HDD;4.0;2.81;15.6;1.78;ID20245;CM45245;X
Dell;M0158;0.59;32.0;256.0;SSD;8.0;3.05;14.0;1.66;ID20246;CM45246;X
HP;M0367;0.73;12.0;512.0;SSD;6.0;2.99;15.6;1.56;ID20247;CM45247;X
Lenovo;M1198;1.09;32.0;256.0;SSD;10.0;1.71;13.3;2.27;ID20248;CM45248;X
MSI;M0191;0.4;24.0;1024.0;HDD;4.0;2.39;14.0;1.9;ID20249;CM45249;X
Dell;M1086;0.89;16.0;1024.0;HDD;6.0;3.53;14.0;1.35;ID20250;CM45250;X
MSI;M0286;0.79;12.0;256.0;HDD;6.0;2.68;14.0;1.23;ID20251;CM45251;X
Dell;M1326;0.83;16.0;512.0;SSD;12.0;2.79;14.0;2.19;ID20252;CM45252;X
Dell;M0866;1.48;16.0;256.0;SSD;10.0;2.78;16.0;2.02;ID20253;CM45253;X
Apple;M0928;1.2;16.0;512.0;SSD;4.0;;15.6;2.72;ID20254;CM45254;X
Lenovo;M0237;0.93;16.0;512.0;HDD;6.0;2.8;17.0;1.52;ID20255;CM45255;X
Asus;M0145;0.69;24.0;256.0;SSD;8.0;1.97;17.0;1.89;ID20256;CM45256;X
Dell;M0932;0.99;8.0;1024.0;SSD;4.0;2.82;16.0;1.98;ID20257;CM45257;X
HP;M0475;1.22;16.0;512.0;SSD;12.0;3.18;16.0;1.49;ID20258;CM45258;X
Acer;M0477;1.27;8.0;1024.0;HDD;8.0;2.87;16.0;2.11;ID20259;CM45259;X
Dell;M1147;1.11;12.0;1024.0;SSD;8.0;2.53;15.6;1.77;ID20260;CM45260;X
Dell;M0073;0.44;16.0;1024.0;SSD;6.0;2.68;15.6;1.62;ID20261;CM45261;X
MSI;M0448;1.15;16.0;1024.0;SSD;6.0;;15.6;1.55;ID20262;CM45262;X
Asus;M1276;1.43;8.0;512.0;SSD;8.0;3.53;15.6;1.83;ID20263;CM45263;X
Acer;M1694;1.54;16.0;512.0;SSD;6.0;2.84;15.6;1.92;ID20264;CM45264;X
Huawei;M0677;1.38;8.0;512.0;SSD;10.0;;16.0;1.63;ID20265;CM45265;X
Asus;M1096;1.04;32.0;256.0;SSD;4.0;2.24;15.6;2.01;ID20266;CM45266;X
Lenovo;M0241;0.9;24.0;256.0;;10.0;3.22;13.3;1.52;ID20267;CM45267;X
Apple;M1249;0.94;24.0;256.0;SSD;6.0;2.75;15.6;1.97;ID20268;CM45268;X
Asus;M1664;1.69;32.0;256.0;SSD;8.0;2.05;15.6;1.73;ID20269;CM45269;X
Asus;M0672;0.67;16.0;1024.0;HDD;4.0;3.15;13.3;1.98;ID20270;CM45270;X
Acer;M1037;0.79;16.0;1024.0;SSD;6.0;2.36;13.3;1.29;ID20271;CM45271;X
Dell;M0732;0.69;16.0;512.0;SSD;8.0;3.53;15.6;1.6;ID20272;CM45272;X
Acer;M1977;0.59;8.0;1024.0;SSD;6.0;2.36;16.0;1.7;ID20273;CM45273;X
MSI;M0628;0.78;16.0;512.0;SSD;2.0;3.24;14.0;1.56;ID20274;CM45274;X
HP;M1264;0.95;12.0;512.0;SSD;2.0;2.86;14.0;1.62;ID20275;CM45275;X
Acer;M0730;0.46;16.0;512.0;SSD;6.0;3.56;16.0;2.02;ID20276;CM45276;X
Lenovo;M1955;0.86;16.0;2048.0;SSD;10.0;2.4;15.6;1.71;ID20277;CM45277;X
Acer;M1905;0.99;8.0;1024.0;SSD;6.0;2.17;16.0;1.66;ID20278;CM45278;X
Lenovo;M1409;0.46;12.0;1024.0;SSD;8.0;2.92;15.6;1.88;ID20279;CM45279;X
Lenovo;M0116;1.04;16.0;512.0;;6.0;2.91;15.6;1.93;ID20280;CM45280;X
HP;M0771;1.03;16.0;256.0;HDD;8.0;3.01;15.6;1.56;ID20281;CM45281;X
Dell;M1683;1.35;32.0;512.0;SSD;4.0;3.3;16.0;1.79;ID20282;CM45282;X
Apple;M1859;1.02;8.0;256.0;SSD;6.0;2.16;16.0;2.02;ID20283;CM45283;X
Lenovo;M0093;0.81;16.0;512.0;SSD;8.0;2.85;15.6;2.0;ID20284;CM45284;X
Lenovo;M1642;0.86;16.0;512.0;SSD;6.0;3.29;13.3;1.19;ID20285;CM45285;X
Lenovo;M1975;1.21;8.0;1024.0;SSD;8.0;2.08;13.3;1.13;ID20286;CM45286;X
Lenovo;M0516;1.31;24.0;512.0;HDD;10.0;3.76;15.6;1.31;ID20287;CM45287;X
Dell;M1692;0.94;32.0;256.0;;8.0;2.66;14.0;2.36;ID20288;CM45288;X
Apple;M1000;0.78;16.0;512.0;HDD;6.0;3.06;13.3;1.61;ID20289;CM45289;X
Huawei;M1416;0.97;16.0;512.0;SSD;8.0;1.95;14.0;1.59;ID20290;CM45290;X
Acer;M0956;0.35;8.0;256.0;;4.0;2.27;16.0;1.41;ID20291;CM45291;X
Asus;M1888;0.56;16.0;512.0;SSD;8.0;3.37;13.3;1.75;ID20292;CM45292;X
HP;M1616;1.14;24.0;512.0;SSD;10.0;2.49;14.0;2.46;ID20293;CM45293;X
Dell;M0027;1.59;16.0;512.0;HDD;6.0;3.44;15.6;1.21;ID20294;CM45294;X
HP;M0214;1.19;12.0;256.0;SSD;4.0;2.56;15.6;1.95;ID20295;CM45295;X
Acer;M0934;1.32;24.0;256.0;HDD;8.0;3.09;16.0;2.14;ID20296;CM45296;X
Asus;M0626;1.76;8.0;1024.0;HDD;8.0;2.83;14.0;1.98;ID20297;CM45297;X
Lenovo;M1796;1.27;16.0;512.0;SSD;6.0;2.62;15.6;1.72;ID20298;CM45298;X
Acer;M1913;1.5;16.0;512.0;SSD;8.0;2.63;13.3;1.96;ID20299;CM45299;X
HP;M0231;1.04;8.0;512.0;SSD;6.0;2.68;14.0;0.88;ID20300;CM45300;X
Asus;M1048;1.24;32.0;512.0;HDD;6.0;2.55;17.0;1.75;ID20301;CM45301;X
Dell;M0573;1.06;8.0;512.0;;2.0;2.77;17.0;1.48;ID20302;CM45302;X
Dell;M0171;0.94;16.0;512.0;;2.0;2.95;16.0;1.67;ID20303;CM45303;X
Dell;M0603;0.64;12.0;1024.0;SSD;6.0;2.56;16.0;1.67;ID20304;CM45304;X
Dell;M0755;1.69;16.0;1024.0;SSD;8.0;2.5;15.6;1.53;ID20305;CM45305;X
Dell;M0373;1.88;24.0;256.0;;4.0;2.52;13.3;1.79;ID20306;CM45306;X
Apple;M1744;0.93;8.0;256.0;SSD;4.0;3.83;16.0;1.75;ID20307;CM45307;X
Dell;M1895;0.35;16.0;1024.0;SSD;8.0;2.69;15.6;0.9;ID20308;CM45308;X
Asus;M0605;0.7;8.0;1024.0;SSD;4.0;1.79;15.6;2.04;ID20309;CM45309;X
Lenovo;M0122;1.02;16.0;256.0;SSD;4.0;3.1;17.0;2.02;ID20310;CM45310;X
Apple;M0629;1.55;12.0;512.0;SSD;6.0;3.3;15.6;1.34;ID20311;CM45311;X
Apple;M1886;0.96;16.0;512.0;SSD;6.0;3.26;15.6;1.57;ID20312;CM45312;X
Lenovo;M0390;1.01;24.0;512.0;;4.0;3.11;16.0;1.11;ID20313;CM45313;X
MSI;M0826;1.37;8.0;256.0;;6.0;;14.0;1.97;ID20314;CM45314;X
HP;M0185;0.74;12.0;256.0;;8.0;3.23;13.3;0.9;ID20315;CM45315;X
Lenovo;M0260;1.01;24.0;256.0;SSD;6.0;2.75;16.0;1.5;ID20316;CM45316;X
HP;M1070;0.99;16.0;1024.0;SSD;10.0;2.51;14.0;2.03;ID20317;CM45317;X
Apple;M1735;1.55;32.0;2048.0;SSD;6.0;3.1;17.0;1.83;ID20318;CM45318;X
;M0651;;;1024.0;HDD;;3.14;13.3;;ID20319;;
Apple;M1222;1.2;24.0;1024.0;SSD;6.0;2.19;14.0;1.69;ID20320;CM45320;X
Asus;M0083;0.72;12.0;256.0;SSD;4.0;2.24;14.0;1.95;ID20321;CM45321;X
Asus;M1351;0.79;12.0;256.0;HDD;4.0;2.89;15.6;1.49;ID20322;CM45322;X
Asus;M1139;0.67;16.0;512.0;SSD;8.0;2.86;15.6;1.88;ID20323;CM45323;X
Asus;M1224;0.63;16.0;256.0;SSD;4.0;3.18;16.0;1.62;ID20324;CM45324;X
Lenovo;M0768;1.16;8.0;512.0;HDD;8.0;2.74;15.6;2.16;ID20325;CM45325;X
Huawei;M1213;1.22;8.0;256.0;HDD;4.0;3.29;15.6;1.76;ID20326;CM45326;X
HP;M0479;;24.0;;;6.0;;14.0;;;CM45327;
MSI;M1678;1.46;8.0;256.0;HDD;6.0;2.7;13.3;2.06;ID20328;CM45328;X
HP;M0026;0.46;16.0;512.0;HDD;12.0;2.68;17.0;2.1;ID20329;CM45329;X
Acer;M0698;1.2;16.0;512.0;SSD;4.0;2.64;15.6;1.38;ID20330;CM45330;X
HP;M1780;0.94;24.0;2048.0;;4.0;2.55;14.0;1.36;ID20331;CM45331;X
Lenovo;M0169;1.19;16.0;1024.0;HDD;4.0;2.81;16.0;2.46;ID20332;CM45332;X
Huawei;M1650;0.7;8.0;512.0;SSD;6.0;2.79;14.0;1.06;ID20333;CM45333;X
HP;M0453;1.26;16.0;1024.0;SSD;6.0;2.77;15.6;1.64;ID20334;CM45334;X
Lenovo;M1248;1.16;16.0;1024.0;SSD;6.0;2.5;15.6;1.59;ID20335;CM45335;X
Acer;M0447;1.13;16.0;512.0;HDD;6.0;2.22;16.0;2.0;ID20336;CM45336;X
HP;M1426;0.92;8.0;1024.0;HDD;2.0;2.7;15.6;1.21;ID20337;CM45337;X
HP;M0540;0.92;16.0;256.0;HDD;8.0;2.46;13.3;1.64;ID20338;CM45338;X
HP;M1480;0.7;24.0;256.0;SSD;4.0;2.51;14.0;2.24;ID20339;CM45339;X
Dell;M1068;0.35;8.0;1024.0;;8.0;3.6;14.0;2.0;ID20340;CM45340;X
Lenovo;M0361;0.63;16.0;256.0;SSD;4.0;2.86;14.0;1.83;ID20341;CM45341;X
Dell;M0166;1.37;24.0;1024.0;;6.0;3.04;14.0;1.41;ID20342;CM45342;X
MSI;M1348;1.35;24.0;512.0;SSD;8.0;2.44;15.6;1.03;ID20343;CM45343;X
Acer;M0877;0.61;32.0;512.0;SSD;8.0;2.26;13.3;1.88;ID20344;CM45344;X
Dell;M0194;0.5;12.0;512.0;HDD;6.0;2.42;14.0;0.98;ID20345;CM45345;X
Dell;M1952;0.49;16.0;512.0;SSD;4.0;2.82;15.6;2.02;ID20346;CM45346;X
Huawei;M1817;0.98;32.0;512.0;SSD;10.0;;15.6;2.55;ID20347;CM45347;X
Asus;M0846;0.35;16.0;1024.0;HDD;4.0;2.65;14.0;1.31;ID20348;CM45348;X
Acer;M1355;1.48;8.0;256.0;SSD;4.0;2.89;15.6;1.87;ID20349;CM45349;X
Asus;M1536;0.7;8.0;512.0;HDD;4.0;3.73;14.0;1.2;ID20350;CM45350;X
Apple;M1713;0.77;16.0;1024.0;HDD;8.0;2.35;14.0;1.11;ID20351;CM45351;X
Apple;M0197;1.0;24.0;512.0;SSD;10.0;3.27;13.3;1.6;ID20352;CM45352;X
Huawei;M0291;1.78;16.0;256.0;HDD;12.0;3.1;15.6;1.73;ID20353;CM45353;X
Asus;M0111;1.39;8.0;256.0;SSD;10.0;3.11;14.0;1.67;ID20354;CM45354;X
Apple;M0347;1.04;8.0;512.0;SSD;4.0;;15.6;2.72;ID20355;CM45355;X
HP;M1571;1.32;16.0;1024.0;SSD;8.0;3.24;16.0;2.14;ID20356;CM45356;X
Dell;M1702;1.57;16.0;512.0;SSD;6.0;2.52;15.6;1.27;ID20357;CM45357;X
Apple;M0544;0.63;16.0;512.0;SSD;2.0;;16.0;1.82;ID20358;CM45358;X
HP;M1754;1.13;8.0;512.0;SSD;4.0;3.42;16.0;1.78;ID20359;CM45359;X
Dell;M0622;1.1;12.0;512.0;SSD;6.0;2.6;15.6;1.55;ID20360;CM45360;X
Lenovo;M0457;1.19;12.0;256.0;SSD;4.0;;14.0;1.52;ID20361;CM45361;X
HP;M1562;0.98;16.0;256.0;SSD;4.0;;13.3;2.25;ID20362;CM45362;X
Lenovo;M0575;0.83;16.0;2048.0;SSD;8.0;3.41;13.3;1.44;ID20363;CM45363;X
Huawei;M0219;0.36;24.0;2048.0;SSD;4.0;2.18;13.3;2.45;ID20364;CM45364;X
Asus;M1313;0.87;8.0;256.0;HDD;6.0;2.28;16.0;1.71;ID20365;CM45365;X
Huawei;M0107;1.08;8.0;512.0;HDD;8.0;3.09;13.3;1.25;ID20366;CM45366;X
HP;M0437;0.7;32.0;256.0;SSD;4.0;;15.6;1.82;ID20367;CM45367;X
Acer;M0213;1.26;16.0;512.0;SSD;4.0;2.6;14.0;1.27;ID20368;CM45368;X
Apple;M0978;1.22;24.0;1024.0;SSD;10.0;;15.6;2.35;ID20369;CM45369;X
HP;M1549;1.05;16.0;256.0;;10.0;3.58;13.3;2.28;ID20370;CM45370;X
;M0152;;12.0;;;;;14.0;2.08;;CM45371;X
Asus;M0370;0.66;8.0;256.0;SSD;4.0;3.07;16.0;1.19;ID20372;CM45372;X
Dell;M0813;1.33;24.0;256.0;SSD;6.0;2.33;13.3;2.38;ID20373;CM45373;X
HP;M0425;0.42;16.0;256.0;SSD;10.0;1.99;16.0;1.72;ID20374;CM45374;X
Dell;M1375;1.03;8.0;1024.0;SSD;4.0;2.37;15.6;1.81;ID20375;CM45375;X
Apple;M0478;0.85;16.0;1024.0;SSD;4.0;3.26;13.3;1.03;ID20376;CM45376;X
MSI;M1438;0.78;16.0;1024.0;SSD;12.0;2.78;14.0;1.63;ID20377;CM45377;X
Lenovo;M1159;1.15;12.0;512.0;HDD;6.0;3.17;15.6;1.79;ID20378;CM45378;X
HP;M0207;1.28;24.0;256.0;SSD;6.0;3.42;15.6;2.23;ID20379;CM45379;X
MSI;M1013;0.35;16.0;1024.0;SSD;4.0;2.42;14.0;1.57;ID20380;CM45380;X
Huawei;M1724;0.35;16.0;256.0;SSD;10.0;2.79;15.6;0.9;ID20381;CM45381;X
MSI;M0392;1.16;8.0;512.0;HDD;4.0;;16.0;1.67;ID20382;CM45382;X
Huawei;M1208;1.13;8.0;256.0;SSD;4.0;2.27;16.0;1.64;ID20383;CM45383;X
HP;M1629;0.79;24.0;512.0;SSD;10.0;2.99;15.6;1.15;ID20384;CM45384;X
HP;M1093;0.35;24.0;256.0;SSD;8.0;3.12;15.6;1.74;ID20385;CM45385;X
Acer;M0432;1.12;8.0;512.0;HDD;4.0;2.11;17.0;1.03;ID20386;CM45386;X
Lenovo;M1885;1.19;32.0;512.0;SSD;4.0;2.88;16.0;2.34;ID20387;CM45387;X
Lenovo;M0976;0.71;8.0;256.0;SSD;6.0;2.32;15.6;1.94;ID20388;CM45388;X
Apple;M0360;1.62;16.0;256.0;SSD;4.0;3.15;14.0;2.44;ID20389;CM45389;X
HP;M0309;1.0;8.0;1024.0;SSD;4.0;2.99;14.0;2.16;ID20390;CM45390;X
Dell;;;8.0;512.0;SSD;;3.26;;1.45;;;
MSI;M0343;1.53;16.0;1024.0;HDD;8.0;3.41;15.6;1.7;ID20392;CM45392;X
Apple;M1993;0.35;16.0;1024.0;SSD;6.0;2.68;15.6;1.49;ID20393;CM45393;X
Apple;M0451;0.85;8.0;1024.0;HDD;6.0;3.15;17.0;1.51;ID20394;CM45394;X
HP;M1344;0.86;24.0;512.0;SSD;6.0;2.28;14.0;1.82;ID20395;CM45395;X
Acer;M0784;0.78;8.0;512.0;SSD;6.0;2.58;14.0;1.79;ID20396;CM45396;X
Lenovo;M1111;1.77;16.0;256.0;HDD;4.0;3.26;14.0;1.22;ID20397;CM45397;X
Asus;M0055;0.82;24.0;512.0;HDD;4.0;2.76;13.3;1.9;ID20398;CM45398;X
Acer;M1657;1.7;16.0;256.0;HDD;4.0;2.76;15.6;1.85;ID20399;CM45399;X
Dell;M0758;1.15;16.0;256.0;SSD;4.0;3.21;13.3;1.65;ID20400;CM45400;X
Apple;M0707;0.35;32.0;1024.0;;4.0;2.52;15.6;2.54;ID20401;CM45401;X
Asus;M0910;0.68;16.0;1024.0;;4.0;;14.0;0.93;ID20402;CM45402;X
MSI;M1025;1.19;32.0;512.0;SSD;4.0;3.28;13.3;1.49;ID20403;CM45403;X
Asus;M0657;0.49;16.0;2048.0;HDD;8.0;;16.0;1.37;ID20404;CM45404;X
Acer;M0943;0.35;8.0;256.0;HDD;12.0;2.06;13.3;2.19;ID20405;CM45405;X
HP;M0931;1.49;12.0;256.0;SSD;4.0;2.96;13.3;2.58;ID20406;CM45406;X
Asus;M1660;1.09;8.0;1024.0;HDD;6.0;2.54;13.3;0.92;ID20407;CM45407;X
Dell;M1260;0.35;16.0;1024.0;HDD;4.0;3.52;16.0;1.53;ID20408;CM45408;X
Lenovo;M1038;0.45;32.0;256.0;SSD;4.0;1.83;13.3;2.61;ID20409;CM45409;X
Lenovo;M0337;1.65;16.0;1024.0;SSD;8.0;2.56;14.0;1.83;ID20410;CM45410;X
Asus;M0955;0.72;12.0;1024.0;HDD;6.0;;14.0;1.96;ID20411;CM45411;X
HP;M1918;0.92;24.0;1024.0;HDD;6.0;2.01;15.6;0.94;ID20412;CM45412;X
Apple;M0345;0.6;32.0;256.0;HDD;8.0;2.3;16.0;1.84;ID20413;CM45413;X
HP;M1121;0.83;12.0;512.0;;10.0;2.57;14.0;1.56;ID20414;CM45414;X
HP;M0349;0.81;16.0;1024.0;HDD;10.0;2.7;13.3;1.66;ID20415;CM45415;X
Dell;M0198;0.73;24.0;512.0;SSD;8.0;2.32;15.6;2.02;ID20416;CM45416;X
Dell;M0562;0.83;16.0;1024.0;SSD;10.0;;15.6;1.28;ID20417;CM45417;X
Asus;M1104;1.57;24.0;256.0;SSD;6.0;2.82;14.0;2.41;ID20418;CM45418;X
MSI;M0468;1.24;8.0;512.0;SSD;4.0;;14.0;1.95;ID20419;CM45419;X
Apple;M1337;1.04;16.0;512.0;SSD;6.0;2.52;16.0;1.05;ID20420;CM45420;X
Lenovo;M0379;0.94;8.0;512.0;SSD;6.0;;14.0;1.56;ID20421;CM45421;X
Asus;M1528;2.49;16.0;512.0;HDD;4.0;;14.0;1.87;ID20422;CM45422;X
Asus;M0869;1.22;8.0;2048.0;;4.0;2.49;14.0;2.15;ID20423;CM45423;X
MSI;M0743;1.28;12.0;1024.0;;4.0;;13.3;1.62;ID20424;CM45424;X
Dell;M1690;1.14;24.0;1024.0;SSD;6.0;3.23;13.3;1.29;ID20425;CM45425;X
Lenovo;M0011;1.24;12.0;512.0;SSD;8.0;2.1;16.0;1.76;ID20426;CM45426;X
Dell;M1439;1.49;16.0;256.0;SSD;4.0;1.99;13.3;1.8;ID20427;CM45427;X
Lenovo;M0723;1.12;32.0;256.0;;4.0;2.91;15.6;1.33;ID20428;CM45428;X
MSI;M0049;0.68;16.0;256.0;SSD;8.0;2.12;15.6;1.56;ID20429;CM45429;X
Apple;M1733;0.44;24.0;256.0;SSD;4.0;3.09;13.3;1.5;ID20430;CM45430;X
Dell;M1327;1.12;12.0;1024.0;;4.0;2.76;15.6;2.0;ID20431;CM45431;X
Asus;M1112;1.24;12.0;256.0;SSD;4.0;2.9;15.6;1.05;ID20432;CM45432;X
Huawei;M1992;0.35;32.0;512.0;SSD;4.0;2.84;15.6;1.2;ID20433;CM45433;X
HP;M1275;1.06;12.0;256.0;SSD;8.0;2.61;13.3;2.15;ID20434;CM45434;X
MSI;M0261;0.97;24.0;256.0;HDD;10.0;;13.3;1.32;ID20435;CM45435;X
HP;M1674;1.04;16.0;512.0;SSD;4.0;2.75;15.6;2.4;ID20436;CM45436;X
Dell;M1460;0.4;12.0;256.0;SSD;4.0;;13.3;4.2;ID20437;CM45437;X
MSI;M1962;1.47;8.0;512.0;HDD;6.0;;16.0;4.1;ID20438;CM45438;X
Dell;M1383;1.04;16.0;512.0;SSD;4.0;2.31;16.0;1.66;ID20439;CM45439;X
Huawei;M0289;1.01;12.0;256.0;SSD;4.0;3.04;15.6;1.69;ID20440;CM45440;X
Acer;M0839;0.93;16.0;256.0;;4.0;2.39;17.0;2.64;ID20441;CM45441;X
Lenovo;M0202;0.81;12.0;1024.0;SSD;6.0;2.87;16.0;1.64;ID20442;CM45442;X
Dell;M1509;0.67;12.0;256.0;;2.0;2.08;16.0;1.65;ID20443;CM45443;X
Asus;M0056;1.74;32.0;512.0;;4.0;2.58;14.0;2.28;ID20444;CM45444;X
Dell;M1488;1.53;8.0;256.0;SSD;8.0;3.13;15.6;1.44;ID20445;CM45445;X
Dell;M1623;1.94;12.0;1024.0;SSD;4.0;2.36;15.6;1.71;ID20446;CM45446;X
Dell;M0189;1.59;24.0;1024.0;SSD;6.0;2.51;17.0;1.79;ID20447;CM45447;X
Acer;M0351;0.87;12.0;512.0;SSD;6.0;2.66;14.0;2.1;ID20448;CM45448;X
Apple;M0683;1.07;12.0;512.0;SSD;12.0;2.38;14.0;0.85;ID20449;CM45449;X
Asus;M0874;1.19;24.0;1024.0;SSD;6.0;2.81;14.0;1.53;ID20450;CM45450;X
Apple;M1061;1.64;12.0;1024.0;SSD;6.0;2.42;15.6;1.9;ID20451;CM45451;X
Dell;M1893;0.8;16.0;512.0;HDD;8.0;2.63;16.0;1.82;ID20452;CM45452;X
HP;M0789;0.56;32.0;256.0;HDD;2.0;;14.0;1.21;ID20453;CM45453;X
Huawei;M1579;0.55;8.0;256.0;HDD;6.0;2.33;14.0;1.54;ID20454;CM45454;X
Acer;M1626;0.78;12.0;512.0;SSD;4.0;3.01;14.0;1.98;ID20455;CM45455;X
Huawei;;;;256.0;;;;15.6;1.79;;;X
Asus;M1184;0.97;12.0;1024.0;SSD;6.0;2.56;14.0;2.1;ID20457;CM45457;X
Dell;M1503;0.52;16.0;1024.0;SSD;6.0;;14.0;0.82;ID20458;CM45458;X
Dell;M0926;0.58;16.0;512.0;;4.0;;14.0;1.72;ID20459;CM45459;X
Lenovo;M1561;1.23;8.0;1024.0;SSD;10.0;2.85;17.0;1.57;ID20460;CM45460;X
Lenovo;M1446;1.26;32.0;256.0;SSD;4.0;3.18;15.6;1.08;ID20461;CM45461;X
Apple;M0566;0.74;8.0;256.0;SSD;6.0;3.65;14.0;2.1;ID20462;CM45462;X
MSI;M0003;0.88;12.0;512.0;SSD;6.0;1.93;16.0;1.25;ID20463;CM45463;X
Lenovo;M0945;1.36;16.0;256.0;HDD;8.0;;14.0;1.55;ID20464;CM45464;X
HP;M1322;0.7;8.0;2048.0;SSD;8.0;3.05;13.3;1.86;ID20465;CM45465;X
HP;M1706;0.65;16.0;256.0;SSD;10.0;2.64;14.0;1.47;ID20466;CM45466;X
HP;M1177;1.29;12.0;512.0;HDD;8.0;3.37;17.0;2.31;ID20467;CM45467;X
MSI;M1496;0.84;8.0;256.0;HDD;8.0;;14.0;1.97;ID20468;CM45468;X
Acer;M0902;0.77;16.0;512.0;SSD;8.0;2.58;15.6;1.1;ID20469;CM45469;X
Dell;M0227;0.37;16.0;256.0;SSD;6.0;2.26;15.6;1.94;ID20470;CM45470;X
Asus;M0499;1.15;16.0;1024.0;SSD;6.0;2.24;15.6;1.06;ID20471;CM45471;X
HP;M0328;0.77;24.0;1024.0;HDD;6.0;2.48;15.6;0.93;ID20472;CM45472;X
Asus;M1078;1.23;32.0;512.0;SSD;6.0;3.14;14.0;1.17;ID20473;CM45473;X
Apple;M0674;0.35;12.0;1024.0;HDD;10.0;2.4;14.0;1.86;ID20474;CM45474;X
Apple;M1776;0.65;16.0;256.0;SSD;10.0;3.31;13.3;1.89;ID20475;CM45475;X
Acer;M0217;1.26;8.0;1024.0;SSD;6.0;3.52;16.0;1.54;ID20476;CM45476;X
Acer;M0015;0.77;12.0;512.0;SSD;10.0;2.58;13.3;1.26;ID20477;CM45477;X
Lenovo;M0760;0.49;8.0;256.0;SSD;4.0;3.29;13.3;1.91;ID20478;CM45478;X
MSI;M0323;1.22;16.0;1024.0;SSD;4.0;2.66;14.0;1.39;ID20479;CM45479;X
MSI;M0933;0.8;8.0;512.0;;8.0;2.31;17.0;3.8;ID20480;CM45480;X
Apple;M1709;0.85;16.0;512.0;SSD;12.0;;16.0;1.34;ID20481;CM45481;X
Asus;M1501;0.35;32.0;256.0;;2.0;;15.6;1.87;ID20482;CM45482;X
Huawei;M0436;1.29;32.0;1024.0;SSD;6.0;2.18;13.3;2.28;ID20483;CM45483;X
Asus;M0223;0.58;12.0;512.0;SSD;6.0;3.13;14.0;1.86;ID20484;CM45484;X
Acer;M1071;0.35;16.0;512.0;HDD;2.0;3.26;16.0;0.9;ID20485;CM45485;X
Acer;M1497;0.35;32.0;512.0;SSD;10.0;2.63;15.6;0.9;ID20486;CM45486;X
Dell;M1376;0.68;8.0;256.0;SSD;4.0;2.64;14.0;1.64;ID20487;CM45487;X
Asus;M0535;1.36;16.0;1024.0;SSD;4.0;2.68;14.0;1.68;ID20488;CM45488;X
Huawei;M1808;0.6;8.0;2048.0;SSD;12.0;3.07;14.0;1.43;ID20489;CM45489;X
MSI;M0302;0.35;32.0;512.0;HDD;10.0;2.87;15.6;1.51;ID20490;CM45490;X
HP;M1365;0.35;16.0;1024.0;HDD;10.0;2.93;15.6;1.3;ID20491;CM45491;X
HP;M0043;0.79;24.0;256.0;SSD;4.0;2.3;13.3;1.88;ID20492;CM45492;X
Apple;M1852;0.89;16.0;512.0;;8.0;3.23;16.0;1.96;ID20493;CM45493;X
MSI;M1635;0.76;16.0;512.0;SSD;4.0;;17.0;1.77;ID20494;CM45494;X
Apple;M1546;0.59;8.0;512.0;;4.0;2.27;17.0;1.58;ID20495;CM45495;X
MSI;M0556;1.0;24.0;256.0;SSD;4.0;3.48;14.0;2.0;ID20496;CM45496;X
Dell;M0277;0.54;24.0;256.0;SSD;8.0;2.76;15.6;1.87;ID20497;CM45497;X
Asus;M1516;0.96;24.0;1024.0;;6.0;1.88;13.3;2.12;ID20498;CM45498;X
HP;M0851;0.92;32.0;512.0;SSD;10.0;3.31;15.6;1.7;ID20499;CM45499;X
Lenovo;M0374;0.62;12.0;512.0;SSD;4.0;;14.0;2.29;ID20500;CM45500;X
Apple;M1873;1.38;12.0;256.0;;4.0;3.3;14.0;1.2;ID20501;CM45501;X
Huawei;M1586;0.54;16.0;256.0;SSD;4.0;3.42;15.6;3.9;ID20502;CM45502;X
Acer;M0168;0.52;16.0;256.0;SSD;8.0;2.79;15.6;1.67;ID20503;CM45503;X
Apple;M1010;1.48;8.0;512.0;SSD;2.0;2.17;14.0;2.48;ID20504;CM45504;X
Dell;M0315;1.47;8.0;512.0;SSD;4.0;3.29;14.0;1.49;ID20505;CM45505;X
Dell;M0780;1.73;32.0;512.0;SSD;12.0;2.49;13.3;1.15;ID20506;CM45506;X
HP;M1064;0.82;8.0;256.0;SSD;4.0;2.57;13.3;1.98;ID20507;CM45507;X
Acer;M1117;1.03;32.0;1024.0;SSD;8.0;2.25;15.6;1.3;ID20508;CM45508;X
Apple;M0623;0.67;8.0;256.0;SSD;10.0;3.32;13.3;1.62;ID20509;CM45509;X
Lenovo;M1076;1.33;16.0;512.0;SSD;4.0;2.55;13.3;2.07;ID20510;CM45510;X
HP;M1577;1.01;8.0;2048.0;HDD;4.0;3.62;15.6;1.06;ID20511;CM45511;X
Acer;M0396;0.35;24.0;512.0;;4.0;3.15;16.0;1.16;ID20512;CM45512;X
Lenovo;M1301;1.26;16.0;1024.0;SSD;8.0;3.39;15.6;2.44;ID20513;CM45513;X
Acer;M1103;0.83;24.0;512.0;SSD;4.0;2.76;15.6;1.94;ID20514;CM45514;X
Acer;M0574;0.72;8.0;512.0;SSD;8.0;2.9;15.6;2.2;ID20515;CM45515;X
Lenovo;M0518;0.79;16.0;512.0;HDD;8.0;;15.6;2.64;ID20516;CM45516;X
Acer;M0728;0.42;16.0;512.0;SSD;4.0;2.61;13.3;2.04;ID20517;CM45517;X
Lenovo;M1755;0.6;24.0;512.0;HDD;8.0;2.59;14.0;1.46;ID20518;CM45518;X
Dell;M0280;0.91;12.0;256.0;SSD;10.0;2.52;14.0;1.72;ID20519;CM45519;X
Asus;M1428;1.36;12.0;256.0;SSD;6.0;3.51;15.6;1.13;ID20520;CM45520;X
Acer;M1585;1.2;32.0;1024.0;HDD;6.0;2.08;15.6;1.81;ID20521;CM45521;X
Lenovo;M0872;1.26;24.0;256.0;SSD;6.0;;14.0;1.82;ID20522;CM45522;X
Dell;M0853;1.36;8.0;512.0;HDD;4.0;2.69;15.6;1.68;ID20523;CM45523;X
Dell;M1287;1.02;16.0;256.0;HDD;8.0;2.4;16.0;2.06;ID20524;CM45524;X
Lenovo;M1284;0.84;8.0;512.0;SSD;8.0;;16.0;1.55;ID20525;CM45525;X
Lenovo;M1912;1.52;16.0;2048.0;;4.0;3.1;17.0;2.37;ID20526;CM45526;X
MSI;M1367;0.55;16.0;256.0;SSD;8.0;2.57;14.0;2.08;ID20527;CM45527;X
Huawei;M1649;1.15;8.0;512.0;HDD;8.0;;14.0;1.6;ID20528;CM45528;X
Acer;M1838;1.15;24.0;512.0;SSD;4.0;3.49;13.3;1.24;ID20529;CM45529;X
Lenovo;M1261;0.95;16.0;1024.0;;6.0;2.45;15.6;1.79;ID20530;CM45530;X
HP;M1949;2.01;8.0;1024.0;SSD;4.0;2.64;13.3;1.55;ID20531;CM45531;X
Dell;M1968;1.07;16.0;256.0;SSD;8.0;2.17;14.0;1.28;ID20532;CM45532;X
Lenovo;M0263;1.96;32.0;512.0;SSD;10.0;2.82;15.6;1.53;ID20533;CM45533;X
Dell;M0952;1.36;16.0;512.0;SSD;8.0;3.41;13.3;0.98;ID20534;CM45534;X
Lenovo;M1171;1.3;32.0;1024.0;SSD;8.0;3.73;16.0;1.5;ID20535;CM45535;X
MSI;M0584;0.48;24.0;512.0;SSD;4.0;2.83;14.0;1.21;ID20536;CM45536;X
Acer;M0334;0.6;12.0;1024.0;HDD;6.0;2.74;13.3;1.64;ID20537;CM45537;X
Acer;M1154;1.31;24.0;256.0;SSD;6.0;2.37;16.0;2.25;ID20538;CM45538;X
HP;M1160;0.77;16.0;1024.0;SSD;6.0;2.16;15.6;1.46;ID20539;CM45539;X
Acer;M0408;0.35;12.0;512.0;SSD;4.0;3.1;17.0;1.57;ID20540;CM45540;X
Lenovo;M0005;1.37;16.0;2048.0;SSD;6.0;3.15;15.6;1.7;ID20541;CM45541;X
Apple;M1014;0.57;16.0;256.0;SSD;4.0;2.68;16.0;1.42;ID20542;CM45542;X
Huawei;M0924;0.78;12.0;1024.0;SSD;8.0;2.77;15.6;1.92;ID20543;CM45543;X
Dell;M0887;0.87;16.0;2048.0;HDD;4.0;3.35;13.3;1.79;ID20544;CM45544;X
MSI;M0071;0.79;16.0;512.0;SSD;4.0;2.96;13.3;1.39;ID20545;CM45545;X
MSI;M0718;0.86;16.0;256.0;;4.0;2.75;14.0;1.17;ID20546;CM45546;X
Acer;M1696;1.63;16.0;512.0;HDD;4.0;2.83;17.0;2.3;ID20547;CM45547;X
Asus;M0501;0.4;8.0;512.0;;4.0;2.81;16.0;1.79;ID20548;CM45548;X
HP;M0554;0.78;16.0;1024.0;SSD;4.0;2.87;15.6;2.07;ID20549;CM45549;X
Asus;M0656;0.71;8.0;512.0;HDD;4.0;2.6;16.0;1.95;ID20550;CM45550;X
Dell;M1130;1.22;16.0;512.0;SSD;6.0;3.26;15.6;1.44;ID20551;CM45551;X
Asus;M1469;0.7;16.0;1024.0;SSD;8.0;3.09;14.0;1.81;ID20552;CM45552;X
Apple;;;;;SSD;;2.94;14.0;2.05;;CM45553;
Dell;M1397;0.35;24.0;512.0;;8.0;1.93;15.6;1.47;ID20554;CM45554;X
HP;M1402;1.05;16.0;2048.0;SSD;4.0;3.33;13.3;0.9;ID20555;CM45555;X
Apple;M0233;1.03;12.0;1024.0;HDD;4.0;2.85;16.0;2.37;ID20556;CM45556;X
Lenovo;M0369;1.24;32.0;512.0;SSD;4.0;3.25;14.0;1.18;ID20557;CM45557;X
HP;M1230;0.91;16.0;512.0;HDD;6.0;3.28;14.0;1.44;ID20558;CM45558;X
Acer;M0591;0.7;32.0;1024.0;HDD;8.0;3.02;13.3;1.64;ID20559;CM45559;X
Acer;M1877;0.65;16.0;512.0;HDD;10.0;2.95;16.0;2.13;ID20560;CM45560;X
Dell;M1006;1.13;8.0;1024.0;SSD;6.0;2.84;14.0;1.67;ID20561;CM45561;X
Lenovo;M0852;0.9;16.0;512.0;SSD;6.0;3.37;14.0;1.87;ID20562;CM45562;X
Huawei;M1944;1.82;12.0;1024.0;SSD;6.0;2.34;13.3;1.55;ID20563;CM45563;X
HP;M0578;0.35;16.0;2048.0;SSD;8.0;3.88;14.0;1.75;ID20564;CM45564;X
Dell;;0.91;;256.0;SSD;;;14.0;;;CM45565;
Lenovo;M0118;0.91;32.0;1024.0;;8.0;3.14;13.3;1.81;ID20566;CM45566;X
Asus;M0283;1.23;24.0;1024.0;HDD;8.0;;17.0;2.23;ID20567;CM45567;X
Huawei;M1279;1.26;12.0;256.0;HDD;10.0;2.47;17.0;1.63;ID20568;CM45568;X
HP;M1030;0.95;24.0;256.0;HDD;6.0;;14.0;0.9;ID20569;CM45569;X
HP;M0583;0.88;12.0;1024.0;HDD;6.0;2.88;14.0;2.13;ID20570;CM45570;X
Lenovo;M1787;0.64;16.0;1024.0;SSD;6.0;2.82;14.0;2.04;ID20571;CM45571;X
HP;M0366;1.36;12.0;256.0;HDD;4.0;3.22;17.0;2.62;ID20572;CM45572;X
Lenovo;M0805;1.25;8.0;256.0;SSD;6.0;2.72;15.6;1.46;ID20573;CM45573;X
Huawei;M0415;0.6;12.0;512.0;SSD;2.0;2.53;14.0;1.64;ID20574;CM45574;X
MSI;M0992;0.97;24.0;256.0;SSD;12.0;3.04;15.6;1.73;ID20575;CM45575;X
Lenovo;M1542;0.93;16.0;1024.0;SSD;8.0;2.1;14.0;1.6;ID20576;CM45576;X
Acer;M0724;1.18;16.0;1024.0;HDD;6.0;2.65;16.0;1.57;ID20577;CM45577;X
Lenovo;M1314;1.05;12.0;256.0;SSD;6.0;2.83;15.6;1.36;ID20578;CM45578;X
HP;M1352;0.95;16.0;512.0;HDD;6.0;2.78;15.6;1.66;ID20579;CM45579;X
Asus;M1862;0.9;16.0;512.0;;12.0;2.66;15.6;1.74;ID20580;CM45580;X
Lenovo;M0473;0.8;32.0;1024.0;;6.0;3.07;14.0;2.02;ID20581;CM45581;X
HP;M1391;1.18;8.0;1024.0;SSD;8.0;2.74;16.0;0.97;ID20582;CM45582;X
HP;M0709;0.41;24.0;512.0;HDD;6.0;;13.3;1.28;ID20583;CM45583;X
Asus;M0442;0.71;8.0;256.0;SSD;8.0;3.3;13.3;1.86;ID20584;CM45584;X
Acer;M1475;0.51;16.0;512.0;SSD;8.0;2.32;14.0;1.72;ID20585;CM45585;X
Lenovo;M1722;0.78;24.0;512.0;HDD;6.0;2.3;15.6;2.02;ID20586;CM45586;X
Lenovo;;1.69;32.0;512.0;;4.0;;;;;CM45587;
Asus;M1599;1.19;12.0;1024.0;SSD;6.0;2.78;14.0;1.16;ID20588;CM45588;X
Dell;M0868;1.08;16.0;512.0;SSD;8.0;2.11;14.0;2.15;ID20589;CM45589;X
HP;M1108;0.49;12.0;1024.0;SSD;4.0;3.11;15.6;1.72;ID20590;CM45590;X
HP;M1670;0.59;24.0;2048.0;HDD;6.0;2.73;15.6;1.78;ID20591;CM45591;X
Dell;M1231;0.59;12.0;256.0;SSD;6.0;2.32;15.6;2.07;ID20592;CM45592;X
Apple;M0993;1.15;16.0;1024.0;SSD;6.0;2.22;15.6;1.22;ID20593;CM45593;X
HP;M0560;0.76;16.0;512.0;SSD;4.0;2.28;14.0;1.83;ID20594;CM45594;X
Dell;M1182;0.87;12.0;512.0;SSD;4.0;3.17;15.6;2.33;ID20595;CM45595;X
Dell;M0449;0.35;16.0;512.0;SSD;10.0;2.9;17.0;2.07;ID20596;CM45596;X
Lenovo;M1002;0.99;12.0;256.0;SSD;8.0;3.24;15.6;1.49;ID20597;CM45597;X
Dell;M0497;1.17;12.0;256.0;SSD;10.0;;13.3;1.5;ID20598;CM45598;X
Acer;M0611;0.89;24.0;1024.0;;10.0;2.54;16.0;1.14;ID20599;CM45599;X
Dell;M0073;0.44;16.0;1024.0;SSD;6.0;2.68;15.6;1.62;ID20261;CM45261;X
Lenovo;M1310;0.35;24.0;512.0;SSD;10.0;2.27;13.3;1.91;ID20132;CM45132;X
MSI;M0992;0.97;24.0;256.0;SSD;12.0;3.04;15.6;1.73;ID20575;CM45575;X
Huawei;M1579;0.55;8.0;256.0;HDD;6.0;2.33;14.0;1.54;ID20454;CM45454;X
HP;M1426;0.92;8.0;1024.0;HDD;2.0;2.7;15.6;1.21;ID20337;CM45337;X
Asus;M1862;0.9;16.0;512.0;;12.0;2.66;15.6;1.74;ID20580;CM45580;X
Lenovo;M0260;1.01;24.0;256.0;SSD;6.0;2.75;16.0;1.5;ID20316;CM45316;X
Dell;M1383;1.04;16.0;512.0;SSD;4.0;2.31;16.0;1.66;ID20439;CM45439;X
HP;M0598;0.77;16.0;256.0;HDD;8.0;;14.0;1.72;ID20053;CM45053;X
Lenovo;M1111;1.77;16.0;256.0;HDD;4.0;3.26;14.0;1.22;ID20397;CM45397;X
Dell;M1967;1.31;12.0;512.0;HDD;4.0;2.92;13.3;1.89;ID20060;CM45060;X
Acer;M1475;0.51;16.0;512.0;SSD;8.0;2.32;14.0;1.72;ID20585;CM45585;X
